id,name,salary,type
2601806277152,Makuha,54579.200000000004,month
2601806275472,Timur,9999.0,month
2601806277768,HHHH,499.20000000000005,hour
2601806275360,Dosha,100.0,hour
2601806275416,Vova,100.0,hour
2601806275528,Zzzz,100.0,hour