id,name,salary
1351140256400,Makuha,54579.200000000004
1351140254720,Timur,9999.0
1351140257016,HHHH,499.20000000000005
1351140254608,Dosha,100.0
1351140254664,Vova,100.0
1351140254776,Zzzz,100.0
